game_timer,possession_clock,ball_x,ball_y,ball_radius,player_1_x,player_1_y,player_2_x,player_2_y,player_3_x,player_3_y,player_4_x,player_4_y,player_5_x,player_5_y,player_6_x,player_6_y,player_7_x,player_7_y,player_8_x,player_8_y,player_9_x,player_9_y,player_10_x,player_10_y
711.2600,11.9900,23.4254,45.1273,3.6430,19.0881,13.9115,10.1194,13.5470,20.8184,44.5101,14.1654,38.7957,20.8906,34.2094,13.3074,22.1998,9.1404,18.5865,19.3110,42.4729,16.4472,32.5317,15.4918,37.7022
711.2200,11.9700,24.0045,44.6889,2.9999,18.9352,13.8225,9.9834,13.7180,21.2291,44.2904,13.5966,38.6534,20.9951,34.4819,13.1285,22.1485,8.9795,18.6732,19.6941,42.2741,16.4648,32.5728,15.0759,37.4984
711.1800,11.9500,24.6252,44.3009,2.2456,18.7882,13.7375,9.8230,13.8657,21.6456,44.0491,13.0493,38.4816,21.0864,34.7860,12.9660,22.0829,8.8283,18.7426,20.0622,42.0577,16.5013,32.7169,14.6409,37.2556
711.1400,11.9200,25.2544,43.7794,1.4904,18.6468,13.6553,9.6589,14.0055,22.0959,43.8521,12.5195,38.2439,21.2320,35.0278,12.8073,21.9540,8.6904,18.8007,20.4238,41.8595,16.5353,32.8562,14.1908,36.9915
711.1000,11.9000,25.7026,43.4466,0.5066,18.5095,13.5832,9.4899,14.1389,22.5495,43.6205,11.9671,37.9275,21.3884,35.2872,12.6587,21.8311,8.5586,18.8447,20.7949,41.6255,16.5675,32.9321,13.7618,36.7899
711.0600,11.8800,25.9734,43.1485,0.9563,18.3802,13.5180,9.3071,14.2725,23.0488,43.4233,11.3783,37.5438,21.5559,35.5452,12.5171,21.7382,8.4308,18.8748,21.1620,41.4140,16.5932,33.0001,13.3326,36.5879
711.0200,11.8500,26.2265,42.8935,1.5819,18.2512,13.4517,9.1293,14.4103,23.5253,43.1775,10.8268,37.1601,21.7177,35.7560,12.4069,21.5581,8.3115,18.8915,21.5376,41.1770,16.6471,33.0840,12.9692,36.4082
710.9800,11.8300,26.4416,42.7094,2.1839,18.1274,13.3912,8.9530,14.5306,24.0294,42.8901,10.3232,36.8012,21.8701,35.9524,12.3122,21.3752,8.1955,18.8952,21.9078,40.9371,16.6782,33.1436,12.5970,36.1741
710.9400,11.8100,26.7632,42.4584,2.6949,18.0028,13.3301,8.7834,14.6421,24.5520,42.5928,9.8360,36.4177,22.0907,36.1974,12.2356,21.1883,8.0803,18.8764,22.2808,40.6893,16.7135,33.2550,12.2508,35.9804
710.9000,11.7800,26.9761,42.2491,3.1950,17.8839,13.2798,8.6237,14.7458,25.0107,42.2341,9.3696,36.0367,22.2977,36.4044,12.1699,21.0026,7.9661,18.8635,22.6496,40.4001,16.7631,33.4217,11.9380,35.8025
710.8600,11.7600,27.3050,42.0678,3.7338,17.7724,13.2412,8.4671,14.8452,25.4865,41.8348,8.9120,35.6031,22.4850,36.5605,12.1304,20.8603,7.8561,18.8425,23.0045,40.0789,16.8109,33.5352,11.6179,35.6302
710.8200,11.7400,27.5190,41.7812,3.9448,17.6553,13.2045,8.3216,14.9547,25.9263,41.3786,8.4537,35.1790,22.6576,36.7025,12.1239,20.7612,7.7451,18.8093,23.3568,39.7392,16.8633,33.6508,11.3101,35.4625
710.7800,11.7100,27.9169,41.3719,4.1810,17.5424,13.1819,8.1794,15.0658,26.2905,40.9089,7.9970,34.7187,22.8174,36.8856,12.1460,20.7168,7.6379,18.7712,23.7014,39.3829,16.9106,33.7481,11.0217,35.2692
710.7400,11.6900,28.1535,41.0526,4.0075,17.4325,13.1694,8.0645,15.2326,26.6266,40.4430,7.5663,34.2671,22.9694,37.0926,12.1778,20.6558,7.5331,18.7395,24.0373,39.0057,16.9672,33.8480,10.7000,35.0095
710.7000,11.6700,28.5102,40.2976,3.8781,17.3185,13.1540,7.9513,15.4002,26.9841,39.9803,7.1427,33.7984,23.1400,37.2502,12.2289,20.5834,7.4303,18.7018,24.3540,38.6248,17.0099,33.9320,10.3786,34.6820
710.6600,11.6400,28.9097,39.8945,3.3221,17.2063,13.1425,7.8437,15.5552,27.3767,39.5221,6.7619,33.2912,23.3047,37.3742,12.2758,20.4069,7.3377,18.6684,24.6486,38.2547,17.0649,34.0161,10.0455,34.3295
710.6200,11.6200,29.3069,39.3563,2.6888,17.0910,13.1344,7.7273,15.7037,27.7747,39.1036,6.4395,32.7955,23.4235,37.4610,12.3310,20.2388,7.2780,18.6637,24.9372,37.8816,17.1228,34.1103,9.7470,34.0522
710.5800,11.6000,29.8183,38.7999,1.9345,16.9715,13.1301,7.6608,15.8862,28.1874,38.6853,6.1622,32.2717,23.5793,37.5573,12.3877,20.0691,7.1931,18.6428,25.2309,37.5134,17.1786,34.1579,9.4771,33.7988
710.5400,11.5800,30.3625,38.2379,0.9507,16.8519,13.1310,7.6024,16.0666,28.5956,38.2621,5.8833,31.7573,23.6646,37.6890,12.4489,19.9574,7.1200,18.6345,25.5095,37.1270,17.2296,34.2098,9.2248,33.5528
710.5000,11.5500,30.6542,37.7896,0.5861,16.7298,13.1334,7.5519,16.2483,28.9540,37.8290,5.6252,31.2822,23.7497,37.7385,12.5095,19.8432,7.0517,18.6416,25.7699,36.7154,17.2776,34.3291,8.9651,33.2429
710.4600,11.5300,30.8971,37.5838,1.3229,16.6033,13.1380,7.5232,16.4285,29.3194,37.3944,5.3971,30.8151,23.8209,37.7823,12.5914,19.7607,6.9883,18.6631,25.9962,36.2807,17.3248,34.4585,8.7360,32.9137
710.4200,11.5100,31.0837,37.3386,2.0023,16.4771,13.1487,7.4963,16.5934,29.6803,36.9547,5.1668,30.3458,23.8657,37.8228,12.6429,19.7010,6.9404,18.6999,26.2125,35.8497,17.3637,34.6010,8.4799,32.5348
710.3800,11.4800,31.3471,37.0189,2.6382,16.3538,13.1665,7.4679,16.7519,30.0105,36.4888,4.9055,29.8359,23.9013,37.8603,12.6974,19.6498,6.9023,18.7483,26.4117,35.4003,17.4068,34.7514,8.2393,32.1661
710.3400,11.4600,31.6587,36.6725,3.0541,16.2292,13.1869,7.4424,16.9086,30.3094,36.0020,4.6507,29.3052,23.9354,37.8856,12.7521,19.5999,6.8813,18.8196,26.5958,34.9418,17.4455,34.8511,8.0172,31.8353
710.3000,11.4400,31.9068,36.1895,3.4759,16.1013,13.2041,7.4217,17.0570,30.5936,35.5201,4.3989,28.7172,23.9769,37.9168,12.8022,19.5471,6.8708,18.8976,26.7696,34.4941,17.4783,34.9029,7.8019,31.5203
710.2600,11.4100,32.2028,35.7825,3.7470,15.9707,13.2173,7.4141,17.2020,30.8372,35.0337,4.1956,28.2010,24.0177,37.9656,12.8535,19.4979,6.8771,18.9872,26.9322,34.0485,17.5079,35.0127,7.6026,31.1165
710.2200,11.3900,32.2331,35.1884,3.8426,15.8420,13.2343,7.3957,17.3075,31.0730,34.5871,4.0119,27.6340,24.0488,37.9876,12.8798,19.4061,6.8833,19.0767,27.0706,33.6125,17.5355,35.1269,7.4118,30.6915
710.1800,11.3700,32.5812,34.6577,3.9736,15.7080,13.2454,7.3719,17.4096,31.3775,34.1174,3.8595,27.0748,24.0838,37.9800,12.8852,19.2578,6.8997,19.1954,27.2035,33.1721,17.5588,35.2437,7.2146,30.2756
710.1400,11.3400,32.8685,33.9739,4.1558,15.5686,13.2514,7.3277,17.4531,31.6079,33.6031,3.7196,26.4854,24.1235,37.9422,12.8881,19.1346,6.9297,19.3100,27.3277,32.7225,17.5733,35.3569,7.0621,29.8840
710.1000,11.3200,32.9147,33.1975,3.9817,15.4308,13.2576,7.2832,17.4852,31.8278,33.0919,3.5844,25.8537,24.1541,37.9380,12.8790,19.0159,6.9824,19.4393,27.4541,32.2866,17.5788,35.4639,6.9213,29.5397
710.0600,11.3000,33.0627,32.3909,3.8099,15.2892,13.2684,7.2536,17.4843,31.9789,32.5742,3.4524,25.1978,24.1349,37.9235,12.8694,18.9548,7.0408,19.5712,27.5812,31.8411,17.5750,35.5591,6.7897,29.1856
710.0200,11.2700,33.2495,31.5368,3.3817,15.1455,13.2803,7.2626,17.4927,32.1245,32.0434,3.3787,24.5219,24.1393,37.8895,12.8573,18.8918,7.0753,19.6705,27.6897,31.4005,17.5631,35.6391,6.6608,28.7781
709.9800,11.2500,33.4334,30.7201,2.7808,15.0046,13.2933,7.2683,17.4835,32.2394,31.4960,3.3213,23.8512,24.1726,37.8787,12.8448,18.8421,7.1587,19.8052,27.7880,30.9656,17.5432,35.7068,6.5487,28.3586
709.9400,11.2300,33.7624,30.0490,2.0276,14.8681,13.3098,7.2750,17.4780,32.3648,30.9264,3.2878,23.1799,24.2525,37.8257,12.8297,18.7940,7.2324,19.9211,27.8878,30.5615,17.5189,35.7646,6.4649,27.9365
709.9000,11.2000,33.9449,29.2441,1.1243,14.7306,13.3284,7.2821,17.4641,32.5002,30.3501,3.2684,22.5041,24.3206,37.8187,12.8285,18.7648,7.3216,20.0334,27.9923,30.1754,17.4894,35.8049,6.3311,27.5046
709.8600,11.1800,34.0441,28.6021,0.4736,14.6003,13.3483,7.3013,17.4734,32.6210,29.7920,3.2869,21.8305,24.3741,37.8127,12.8369,18.7489,7.4275,20.1593,28.1081,29.8060,17.4561,35.8307,6.1902,27.0728
709.8200,11.1600,34.1335,27.6276,1.1715,14.4725,13.3666,7.3140,17.4651,32.7263,29.2429,3.2827,21.1257,24.4039,37.7625,12.8517,18.7510,7.5588,20.3186,28.2076,29.4213,17.4181,35.8407,6.0865,26.6432
709.7800,11.1300,34.2449,27.0047,2.1444,14.3423,13.3718,7.3260,17.4565,32.8355,28.7182,3.3097,20.4224,24.4137,37.7019,12.8682,18.7676,7.6939,20.4789,28.3123,29.0475,17.3734,35.8367,5.9366,26.1892
709.7400,11.1100,34.4641,27.5355,2.5763,14.2164,13.3751,7.2949,17.4416,32.9438,28.2195,3.3670,19.7508,24.4051,37.6310,12.8871,18.7940,7.8302,20.6286,28.4194,28.6929,17.3237,35.8247,5.7864,25.6697
709.7000,11.0900,34.5413,27.1658,3.1895,14.0886,13.3782,7.2656,17.4432,33.0674,27.7414,3.4529,19.1005,24.3862,37.5644,12.9035,18.8299,7.9695,20.7694,28.5355,28.3505,17.2654,35.7987,5.6356,25.1243
709.6600,11.0600,34.6729,26.8215,3.6206,13.9626,13.3801,7.2480,17.3898,33.2447,27.3093,3.5223,18.3843,24.3514,37.4880,12.9076,18.8672,8.1000,20.9181,28.6569,28.0380,17.2062,35.7653,5.4923,24.6295
709.6200,11.0400,34.6733,26.3890,3.9425,13.8385,13.3784,7.2186,17.3678,33.4081,26.8823,3.6182,17.6723,24.3355,37.4606,12.9014,18.9003,8.2454,21.0801,28.7909,27.7365,17.1421,35.7203,5.3800,24.1084
709.5800,11.0200,34.9056,25.8818,3.9880,13.7124,13.3744,7.1783,17.3310,33.5140,26.4462,3.7367,16.9757,24.2820,37.3972,12.8965,18.9283,8.3949,21.2283,28.9223,27.4517,17.0752,35.6724,5.2593,23.5768
709.5400,11.0000,34.9883,25.3667,4.1154,13.5835,13.3674,7.1322,17.3000,33.6605,26.0436,3.9052,16.3328,24.2172,37.3274,12.8681,18.9219,8.5409,21.3607,29.0526,27.1822,17.0044,35.6229,5.1358,23.0191
709.5000,10.9700,34.9942,24.9395,3.9566,13.4534,13.3561,7.1039,17.2790,33.7726,25.6373,4.0985,15.7106,24.1476,37.2518,12.8638,18.9601,8.6758,21.4970,29.1727,26.9044,16.9296,35.5737,5.0065,22.4458
709.4600,10.9500,34.8783,24.8804,4.4137,13.3199,13.3346,7.0264,17.2571,33.8738,25.2295,4.3513,15.1450,24.0942,37.1876,12.8468,18.9902,8.8002,21.6365,29.2763,26.6367,16.8529,35.5263,4.8803,21.8607
709.4200,10.9300,34.7876,24.4632,4.2711,13.1874,13.2921,6.9234,17.2277,33.9534,24.8107,4.5919,14.5677,24.0130,37.1489,12.8140,18.9959,8.9293,21.7835,29.3773,26.3674,16.7774,35.4804,4.7785,21.2533
709.3800,10.9000,34.7931,23.9691,3.7819,13.0490,13.2366,6.8207,17.2104,34.0317,24.4227,4.8557,14.0078,23.8932,37.0722,12.7817,19.0171,9.0441,21.9039,29.4613,26.0954,16.7017,35.4369,4.6895,20.6317
709.3400,10.8800,34.7472,23.9068,3.4209,12.9135,13.1613,6.7211,17.1695,34.0613,24.0588,5.1336,13.4541,23.6856,37.0358,12.7531,19.0382,9.1652,22.0461,29.5357,25.8250,16.6281,35.3986,4.5885,19.9853
709.3000,10.8600,34.6865,23.6003,3.1994,12.7709,13.0645,6.6003,17.1539,34.0790,23.7093,5.4483,12.9172,23.4761,37.0059,12.7060,19.0487,9.2719,22.1789,29.5987,25.5513,16.5551,35.3679,4.5660,19.3449
709.2600,10.8300,34.4982,22.7963,2.5770,12.6453,12.9098,6.4689,17.0708,34.0906,23.3762,5.7836,12.3867,23.2188,37.0152,12.6511,19.0568,9.3657,22.2898,29.6497,25.2833,16.4813,35.3397,4.5530,18.6818
709.2200,10.8100,34.3054,22.7228,2.5318,12.5041,12.7797,6.3421,16.9874,34.1132,23.0718,6.1971,11.8949,22.9868,37.0595,12.5847,19.0401,9.4204,22.3544,29.6839,25.0264,16.4068,35.3150,4.5311,18.0123
709.1800,10.7900,34.0707,22.6651,2.4869,12.3466,12.6466,6.2322,16.9357,34.1296,22.7854,6.6250,11.4229,22.7551,37.1071,12.5084,19.0671,9.4625,22.4100,29.7023,24.7796,16.3338,35.2962,4.5877,17.3599
709.1400,10.7600,33.0044,21.2069,3.4077,12.1897,12.5304,6.1719,16.8820,34.1504,22.5111,7.0628,10.9690,22.5219,37.1067,12.4215,19.0471,9.4899,22.4547,29.6989,24.5343,16.2622,35.2782,4.6625,16.7078
709.1000,10.7400,31.7258,20.3533,3.8735,12.0390,12.4150,6.0930,16.8035,34.1704,22.2608,7.5353,10.5691,22.2909,37.1523,12.3263,19.0196,9.5014,22.4858,29.6803,24.3067,16.1959,35.2680,4.7777,16.0570
709.0600,10.7200,30.4918,19.5169,4.1311,11.8853,12.2927,6.0069,16.7599,34.1865,22.0342,7.9808,10.2211,22.0716,37.2123,12.2192,18.9523,9.5119,22.4983,29.6574,24.0837,16.1695,35.2929,4.9306,15.3977
709.0200,10.6900,29.3254,18.6277,4.3716,11.7321,12.1529,5.9329,16.7109,34.2092,21.8466,8.4205,9.9015,21.8662,37.2090,12.1422,18.9369,9.5093,22.4943,29.6242,23.8667,16.1448,35.3191,5.0941,14.7549
708.9800,10.6700,28.0784,17.4618,4.9389,11.5924,12.0620,5.8748,16.6478,34.2399,21.6841,8.8530,9.5981,21.7008,37.2123,12.0677,18.9228,9.4877,22.4818,29.5804,23.6586,16.0801,35.3119,5.2943,14.1152
708.9400,10.6500,27.0396,16.8649,4.8084,11.4490,11.9645,5.8186,16.6136,34.2828,21.5515,9.2908,9.3260,21.5430,37.1590,11.9904,18.8927,9.4543,22.4767,29.5276,23.4579,16.0175,35.2972,5.5016,13.4808
708.9000,10.6200,25.8133,15.9890,4.7828,11.3148,11.8394,5.7403,16.5722,34.3381,21.4512,9.7786,9.1110,21.3768,37.0858,11.9089,18.8611,9.3994,22.4552,29.4704,23.2647,15.9425,35.2781,5.7560,12.8622
708.8600,10.6000,24.6888,15.1832,5.0207,11.2007,11.6705,5.6869,16.5671,34.4023,21.3832,10.2702,8.8769,21.2312,37.0240,11.8259,18.7969,9.3306,22.4372,29.4034,23.0794,15.8718,35.2548,6.0592,12.2710
708.8200,10.5800,23.4692,14.2248,4.9647,11.0790,11.5052,5.6434,16.5703,34.4828,21.3618,10.7388,8.6823,21.0492,36.9849,11.7708,18.7857,9.2529,22.4072,29.3273,22.9043,15.8013,35.2411,6.3695,11.7325
708.7800,10.5500,22.3306,13.4179,4.9735,10.9472,11.3349,5.5837,16.5690,34.5576,21.3500,11.2356,8.5044,20.8596,36.9456,11.7116,18.7549,9.1560,22.3993,29.2468,22.7512,15.7289,35.2101,6.7140,11.2259
708.7400,10.5300,21.1972,12.6270,4.8739,10.8160,11.1683,5.5132,16.6164,34.6494,21.3650,11.7651,8.3760,20.6945,36.8524,11.6190,18.6948,9.0486,22.3794,29.1569,22.6159,15.6579,35.1675,7.0955,10.7509
708.7000,10.5100,20.0708,11.8402,4.7760,10.7098,11.0145,5.4641,16.6566,34.7463,21.4049,12.2885,8.2749,20.5016,36.8035,11.5562,18.6580,8.9479,22.3606,29.0530,22.4983,15.5798,35.1062,7.4918,10.3016
708.6600,10.4900,18.9632,10.8998,4.7357,10.5853,10.8978,5.4050,16.7638,34.8351,21.4605,12.7529,8.2016,20.3540,36.7210,11.4845,18.6020,8.8433,22.3514,28.9404,22.3969,15.5065,35.0268,7.9276,9.9014
708.6200,10.4600,17.8078,10.1752,4.4445,10.4872,10.7435,5.3472,16.9041,34.9073,21.5287,13.2093,8.2135,20.1990,36.6258,11.4117,18.5521,8.7351,22.3463,28.8172,22.3033,15.4282,34.9513,8.3585,9.5356
708.5800,10.4400,16.6812,9.3897,4.2408,10.3739,10.6235,5.2699,17.0349,34.9853,21.6224,13.6388,8.2400,20.0480,36.5315,11.3165,18.4298,8.6244,22.3480,28.6778,22.2172,15.3494,34.8636,8.7991,9.2157
708.5400,10.4200,16.0560,8.7852,4.0507,10.2612,10.4766,5.1776,17.1980,35.0592,21.7388,14.0510,8.2878,19.8970,36.4920,11.2250,18.3438,8.5037,22.3539,28.5303,22.1434,15.2752,34.7771,9.2520,8.9427
708.5000,10.3900,16.4058,8.7633,3.8559,10.1614,10.2986,5.0828,17.4140,35.1225,21.8730,14.4229,8.3353,19.7475,36.3902,11.1771,18.3039,8.3918,22.3875,28.3644,22.0754,15.2001,34.6835,9.6965,8.7157
708.4600,10.3700,16.7526,8.8131,3.6895,10.0641,10.1192,4.9710,17.6673,35.1861,22.0245,14.8525,8.3685,19.5808,36.2744,11.1609,18.3093,8.2683,22.4214,28.1842,22.0131,15.0889,34.5605,10.1181,8.5504
708.4200,10.3500,17.2034,8.9757,3.3678,9.9606,9.9447,4.8620,17.9263,35.2517,22.1861,15.2796,8.4408,19.3770,36.1403,11.1100,18.2529,8.1346,22.4657,27.9867,21.9605,14.9820,34.4421,10.5147,8.4295
708.3800,10.3200,17.5948,9.1647,3.0380,9.8458,9.7117,4.7512,18.1875,35.3069,22.3669,15.6376,8.5519,19.1566,36.0355,11.0314,18.1731,8.0100,22.4539,27.7801,21.9114,14.9223,34.3608,10.9084,8.4023
708.3400,10.3000,17.8235,9.7009,2.3915,9.7386,9.4520,4.6353,18.4432,35.3374,22.5669,15.9636,8.6810,18.9297,35.9988,10.9801,18.1374,7.8807,22.4615,27.5556,21.8633,14.8775,34.2908,11.3302,8.4279
708.3000,10.2800,18.1366,10.0058,1.5436,9.6461,9.1662,4.5331,18.7315,35.3589,22.7955,16.2212,8.8771,18.7118,35.9800,10.9090,18.0585,7.7410,22.5087,27.3158,21.8214,14.8530,34.2318,11.7244,8.4941
708.2600,10.2500,18.5271,10.3715,0.4031,9.5399,8.9353,4.4324,19.0303,35.3663,23.0370,16.4146,9.0874,18.4894,35.9692,10.8498,18.0014,7.6045,22.5592,27.0627,21.7848,14.8312,34.1734,12.0832,8.5965
708.2200,10.2300,18.6747,10.5442,0.9508,9.4290,8.6918,4.3331,19.3498,35.3730,23.2952,16.6469,9.3423,18.2815,35.8809,10.7805,17.9095,7.4591,22.6364,26.8098,21.7605,14.8131,34.1079,12.4289,8.7252
708.1800,10.2100,18.9131,10.4436,1.8746,9.3434,8.4720,4.2272,19.6867,35.3724,23.5634,16.7726,9.5867,18.0855,35.7911,10.7172,17.8147,7.3240,22.7332,26.5451,21.7312,14.7981,34.0564,12.7567,8.8414
708.1400,10.1800,18.9084,10.4993,1.9824,9.2475,8.2447,4.1286,20.0159,35.3653,23.8434,16.8258,9.8050,17.9028,35.7071,10.6918,17.7694,7.1940,22.8423,26.2772,21.7055,14.7814,34.0113,13.0382,9.0037
708.1000,10.1600,18.8945,10.6577,2.0637,9.0892,7.9933,4.0265,20.3570,35.3461,24.1401,16.9077,10.0830,17.7476,35.5731,10.6412,17.7033,7.0460,22.9582,26.0086,21.6844,14.7674,33.9734,13.2971,9.1971
708.0600,10.1400,18.8715,10.9058,2.1229,8.9519,7.7446,3.9346,20.6916,35.3238,24.4486,17.0082,10.4059,17.5968,35.4223,10.6001,17.6535,6.8895,23.0688,25.7455,21.6566,14.7476,33.9489,13.5310,9.4146
708.0200,10.1100,18.8397,11.2308,2.1641,8.7696,7.5309,3.8476,21.0344,35.2941,24.7703,17.0693,10.6943,17.4491,35.2820,10.5643,17.6096,6.7347,23.1783,25.4737,21.6212,14.7284,33.9167,13.7566,9.6624
707.9800,10.0900,18.7993,11.6196,2.1918,8.6024,7.3272,3.7629,21.3796,35.2524,25.0922,17.1187,11.0085,17.3047,35.1349,10.5570,17.6105,6.5799,23.2886,25.2032,21.5635,14.7184,33.9406,13.9469,9.9392
707.9400,10.0700,18.7503,12.0595,2.2102,8.4205,7.1193,3.6713,21.6867,35.1975,25.4230,17.1472,11.3417,17.1689,34.9872,10.5576,17.6172,6.4320,23.4050,24.9068,21.5610,14.6935,33.9566,14.1121,10.2397
707.9000,10.0400,18.6931,12.5373,2.2237,8.2136,6.9272,3.5817,21.9958,35.1385,25.8064,17.1629,11.6948,17.0319,34.8473,10.5627,17.6327,6.2749,23.5198,24.6033,21.5651,14.6425,33.9191,14.2559,10.5677
707.8600,10.0200,18.6278,13.0403,2.2365,8.0037,6.7329,3.4911,22.2999,35.0571,26.1904,17.1369,12.1031,16.9241,34.7501,10.5625,17.6560,6.1200,23.6514,24.2931,21.5813,14.5853,33.8790,14.4039,10.9123
707.8200,10.0000,18.5545,13.5555,2.2530,7.7930,6.5205,3.4098,22.6015,34.9584,26.5831,17.0851,12.5264,16.8091,34.6848,10.5792,17.7034,5.9766,23.7918,23.9751,21.5939,14.5151,33.8262,14.5457,11.2784
707.7800,9.9700,18.4736,14.0699,2.2775,7.5857,6.3068,3.3399,22.9693,34.8440,26.9847,17.0924,12.9504,16.7028,34.6146,10.6190,17.7858,5.8297,24.0099,23.6309,21.6384,14.4347,33.7621,14.6722,11.6036
707.7400,9.9500,18.3851,14.5706,2.3143,7.3761,6.1103,3.2809,23.3285,34.7319,27.3811,17.0735,13.3761,16.5964,34.5339,10.6571,17.8758,5.6878,24.2356,23.2979,21.6871,14.3359,33.6838,14.7748,11.9370
707.7000,9.9300,18.2893,15.0448,2.3676,7.1468,5.9618,3.2252,23.6633,34.6107,27.7685,17.0173,13.7557,16.4928,34.4644,10.6910,17.9753,5.5711,24.4351,22.9742,21.7336,14.2239,33.5778,14.8656,12.2762
707.6600,9.9100,18.1864,15.4793,2.4419,6.9188,5.8100,3.1919,23.9829,34.4787,28.1630,16.9640,14.1482,16.3967,34.3752,10.7346,18.1062,5.4618,24.6418,22.6301,21.7973,14.0968,33.4699,14.9495,12.6195
707.6200,9.8800,18.0765,15.8614,2.5413,6.7132,5.6720,3.1684,24.3030,34.3222,28.5626,16.8624,14.5028,16.3130,34.3210,10.7775,18.2549,5.3517,24.8446,22.2713,21.8470,13.9530,33.3575,15.0175,12.9520
707.5800,9.8600,17.8522,16.1961,3.0203,6.5428,5.5082,3.1231,24.6676,34.1566,28.9666,16.8120,14.9208,16.2276,34.2745,10.8172,18.4132,5.2319,25.0041,21.9116,21.9150,13.7986,33.2396,15.0583,13.3451
707.5400,9.8400,17.1986,16.7545,3.4777,6.3509,5.3139,3.0522,25.0829,33.9825,29.3785,16.7750,15.3665,16.1380,34.2146,10.8489,18.5571,5.1077,25.1554,21.5513,21.9925,13.6068,33.0684,15.0840,13.7188
707.5000,9.8100,16.8346,17.2646,3.8445,6.2124,5.1078,2.9790,25.4647,33.8026,29.7881,16.6612,15.7686,16.0547,34.1618,10.8707,18.6990,5.0045,25.3257,21.1757,22.0723,13.4100,32.9131,15.0892,14.0822
707.4600,9.7900,16.4083,17.6698,4.6000,6.0464,4.9415,2.9059,25.8512,33.6109,30.2018,16.5350,16.1357,15.9643,34.0911,10.8738,18.8224,4.9115,25.5071,20.7850,22.1386,13.2312,32.7962,15.0732,14.4372
707.4200,9.7700,16.2393,17.8260,5.4557,5.9223,4.7555,2.8484,26.2533,33.4110,30.6216,16.3521,16.4731,15.8690,34.0166,10.8783,18.9468,4.8035,25.6757,20.3765,22.2647,13.0426,32.6767,15.0549,14.8082
707.3800,9.7400,16.2345,17.6762,6.2505,5.8189,4.5449,2.7468,26.6382,33.2017,31.0448,16.1798,16.7982,15.7734,33.9389,10.8750,19.0475,4.7172,25.8854,19.9576,22.4286,12.8446,32.5102,15.0391,15.1590
707.3400,9.7200,16.2462,17.6268,6.9514,5.7352,4.3510,2.6519,27.0563,32.9800,31.4690,16.0259,17.0999,15.6709,33.8550,10.8531,19.1367,4.6390,26.0995,19.5729,22.5633,12.6504,32.3492,15.0197,15.4634
707.3000,9.7000,16.2672,17.5417,7.5037,5.6690,4.1734,2.5590,27.4711,32.7571,31.8540,15.8837,17.3866,15.5588,33.7653,10.7781,19.1683,4.5584,26.3137,19.1656,22.6446,12.4705,32.2375,14.9956,15.7532
707.2600,9.6700,15.8644,17.4078,8.0327,5.6088,4.0127,2.4930,27.9152,32.5368,32.2493,15.7975,17.6810,15.4526,33.6069,10.7414,19.2084,4.4728,26.5220,18.7566,22.7235,12.3011,32.1154,14.9566,16.0164
707.2200,9.6500,15.3909,16.4374,8.2833,5.5284,3.8147,2.4446,28.3935,32.3154,32.6352,15.6714,17.9667,15.3454,33.4687,10.6439,19.1997,4.3874,26.7273,18.3610,22.8098,12.1151,31.9809,14.9093,16.2808
707.1800,9.6300,14.5619,15.1592,8.7863,5.4840,3.7071,2.3876,28.8429,32.0964,33.0119,15.6157,18.2507,15.2414,33.3006,10.5426,19.1791,4.3089,26.9563,17.9830,22.8731,11.9267,31.8475,14.8555,16.5372
707.1400,9.6000,13.7015,14.1330,8.7889,5.4418,3.6230,2.3571,29.3065,31.8701,33.3886,15.5853,18.5080,15.1301,33.1539,10.4306,19.1353,4.2493,27.1785,17.6040,22.9530,11.7375,31.7112,14.7979,16.7848
707.1000,9.5800,13.0132,13.0982,8.7355,5.4065,3.5536,2.3454,29.7542,31.6435,33.7584,15.5651,18.7188,15.0220,32.9974,10.3117,19.0741,4.1951,27.4368,17.2188,23.0538,11.5626,31.5912,14.7378,17.0161
707.0600,9.5600,12.0571,12.0351,8.8550,5.3736,3.4778,2.3113,30.2285,31.4224,34.1192,15.5187,18.9333,14.8776,32.8703,10.1778,18.9608,4.1591,27.6918,16.8693,23.1608,11.4010,31.4653,14.6746,17.2293
707.0200,9.5300,11.4169,10.8575,8.6953,5.3409,3.4111,2.2447,30.7216,31.2052,34.4666,15.4769,19.1309,14.7363,32.7524,10.0274,18.8126,4.1252,27.9564,16.5425,23.2929,11.2443,31.3240,14.6118,17.4208
706.9800,9.5100,10.6469,9.7976,8.7553,5.2746,3.3613,2.2661,31.1989,30.9866,34.8060,15.4078,19.2758,14.5983,32.6261,9.8759,18.6503,4.1193,28.2295,16.2405,23.4243,11.1018,31.1891,14.5408,17.6102
706.9400,9.4900,9.8422,8.6243,8.5949,5.2411,3.3545,2.3209,31.6430,30.7700,35.1333,15.3752,19.4203,14.4426,32.5598,9.7120,18.4587,4.1293,28.5044,15.9563,23.5485,10.9973,31.1070,14.4757,17.8013
706.9000,9.4600,8.8952,7.7641,8.3994,5.2141,3.3885,2.3373,32.0839,30.5528,35.4526,15.3460,19.6134,14.2986,32.4419,9.5422,18.2406,4.1145,28.7335,15.7039,23.6913,10.9029,31.0158,14.4262,17.9981
706.8600,9.4400,8.3732,6.4423,8.2244,5.2032,3.3972,2.3955,32.5511,30.3346,35.7590,15.3203,19.8300,14.1610,32.3480,9.3752,18.0064,4.1066,28.9605,15.4723,23.8636,10.7959,30.8945,14.3808,18.1872
706.8200,9.4200,7.6420,5.3403,7.9976,5.1969,3.3954,2.4440,32.9994,30.1223,36.0524,15.3540,20.0704,14.0273,32.2579,9.1597,17.7690,4.1185,29.2069,15.2853,23.9869,10.7113,30.7819,14.3265,18.3569
706.7800,9.3900,6.8541,4.3848,7.5080,5.1955,3.3826,2.5904,33.4923,29.9172,36.3342,15.3791,20.3213,13.8918,32.1231,8.9321,17.5026,4.1160,29.4154,15.1375,24.0808,10.6346,30.6795,14.2706,18.5413
706.7400,9.3700,6.2676,3.4279,7.3483,5.1923,3.3668,2.7350,33.9502,29.7207,36.5999,15.3813,20.5972,13.7598,32.0411,8.7058,17.2046,4.1049,29.6095,14.9752,24.1891,10.5517,30.5926,14.2112,18.7555
706.7000,9.3500,6.0613,3.2994,7.2830,5.1936,3.3546,2.8438,34.3845,29.5303,36.8449,15.3855,20.8786,13.6713,32.0008,8.5191,16.8537,4.1106,29.8132,14.8565,24.3363,10.4869,30.5271,14.1482,18.9711
706.6600,9.3200,5.9739,3.1211,6.9666,5.1951,3.3430,2.9212,34.8567,29.3527,37.0824,15.3447,21.1427,13.5588,32.0065,8.2877,16.4523,4.1324,30.0153,14.7576,24.4772,10.3965,30.4486,14.0690,19.1886
706.6200,9.3000,5.9759,3.1657,6.6798,5.2312,3.4034,2.9893,35.3016,29.1851,37.3116,15.3701,21.3175,13.4251,31.9568,8.1144,16.0610,4.1592,30.1465,14.6600,24.6118,10.3247,30.3978,13.9715,19.4062
706.5800,9.2800,5.9687,3.3074,6.3032,5.2344,3.3916,3.0816,35.7043,29.0276,37.5321,15.3203,21.4695,13.3264,31.9798,7.9264,15.6822,4.1801,30.2436,14.5738,24.7421,10.2612,30.3529,13.8641,19.6327
706.5400,9.2500,5.9830,3.4209,5.7153,5.2430,3.3706,3.1440,36.1377,28.8879,37.7381,15.2511,21.6743,13.2431,31.9912,7.7569,15.2718,4.1789,30.3922,14.4663,24.8441,10.2088,30.3134,13.7724,19.8539
706.5000,9.2300,5.9650,3.5415,5.3409,5.2495,3.3525,3.2034,36.5492,28.7651,37.9371,15.2528,21.8769,13.1631,32.0120,7.6048,14.8183,4.1756,30.4345,14.3733,24.9289,10.1515,30.2679,13.7070,20.0926
706.4600,9.2100,5.7360,3.8355,4.7746,5.2527,3.3336,3.2719,36.9492,28.6536,38.1250,15.3089,22.0260,13.1220,32.0140,7.4591,14.3620,4.1485,30.5347,14.3173,25.0400,10.1131,30.1950,13.6253,20.3464
706.4200,9.1900,5.6814,3.9043,4.7307,5.2602,3.3495,3.3710,37.3411,28.5569,38.3053,15.3644,22.1663,13.0471,31.9662,7.3135,13.8982,4.1293,30.6206,14.2371,25.1016,10.0730,30.1411,13.5451,20.6116
706.3800,9.1600,5.6333,4.0164,4.8005,5.2655,3.3802,3.4188,37.6889,28.4745,38.4768,15.4576,22.3282,12.9788,31.9152,7.1621,13.4071,4.1075,30.7042,14.1580,25.1558,10.0135,30.0721,13.4669,20.8452
706.3400,9.1400,5.6284,3.8877,5.2759,5.2686,3.4039,3.4701,38.0126,28.4028,38.6381,15.5142,22.4880,12.9743,31.8584,7.0314,12.8943,4.0781,30.7293,14.0803,25.2117,9.9572,29.9993,13.3944,21.0493
706.3000,9.1200,5.7025,3.4821,5.8530,5.2900,3.4771,3.5797,38.3529,28.3421,38.7840,15.5912,22.5882,12.9536,31.8399,6.8698,12.3598,4.0630,30.7752,13.9839,25.2459,9.9015,29.9231,13.3139,21.2497
706.2600,9.0900,5.5300,3.1327,6.1950,5.3121,3.5713,3.6550,38.6519,28.2982,38.9173,15.7361,22.7041,12.8960,31.7882,6.6966,11.8445,4.0409,30.8583,13.8750,25.2694,9.8451,29.8452,13.2440,21.4631
706.2200,9.0700,5.4113,2.7161,6.3754,5.3612,3.6627,3.7292,38.9417,28.2642,39.0345,15.8994,22.8051,12.8337,31.7344,6.6094,11.2748,4.0261,30.9404,13.7447,25.2784,9.7807,29.7659,13.1780,21.6644
706.1800,9.0500,5.4062,2.5357,6.4962,5.4206,3.6955,3.7595,39.1987,28.2415,39.1378,16.0777,22.8527,12.7614,31.7236,6.5719,10.6555,4.0164,31.0155,13.6061,25.3137,9.7065,29.6827,13.1202,21.8462
706.1400,9.0200,5.5028,2.4814,6.5379,5.4928,3.7382,3.8041,39.4838,28.2362,39.2327,16.2880,22.8686,12.6884,31.6586,6.5442,10.0438,4.0203,31.1008,13.4766,25.2942,9.6383,29.5893,13.0574,22.0039
706.1000,9.0000,5.6777,2.9674,6.0391,5.5422,3.8525,3.8974,39.7581,28.2440,39.3168,16.5087,22.8631,12.5771,31.5520,6.4846,9.4559,4.0301,31.1812,13.3277,25.2932,9.5598,29.4825,13.0002,22.1478
706.0600,8.9800,5.8351,3.2224,5.9493,5.5908,3.9571,4.0010,39.9610,28.2601,39.3799,16.7463,22.8335,12.4797,31.4141,6.4253,8.8682,4.0380,31.2550,13.1690,25.2820,9.4970,29.3975,12.9620,22.2835
706.0200,8.9500,5.8295,3.6010,5.4821,5.6424,4.0338,4.1001,40.1598,28.2875,39.4290,16.9844,22.8635,12.3817,31.2502,6.3624,8.2852,4.0495,31.3998,13.0102,25.2674,9.4356,29.3084,12.9517,22.3912
705.9800,8.9300,5.4910,3.9706,4.8227,5.6598,4.1455,4.1800,40.3931,28.3250,39.4635,17.2376,22.8888,12.2360,31.0923,6.3355,7.6767,4.0641,31.5444,12.8528,25.2523,9.3772,29.2271,12.9690,22.4852
705.9400,8.9100,5.0688,4.0934,4.2667,5.6684,4.2307,4.2717,40.5717,28.3670,39.4879,17.5136,22.8384,12.0746,30.9257,6.3105,7.1142,4.0890,31.6233,12.7246,25.2538,9.3215,29.1629,13.0195,22.6170
705.9000,8.8800,4.5911,3.9829,4.2090,5.7302,4.2882,4.3434,40.7908,28.4112,39.5008,17.7968,22.7761,11.8972,30.7376,6.2780,6.6089,4.1107,31.7606,12.5840,25.2531,9.2684,29.1149,13.0418,22.7141
705.8600,8.8600,4.1052,3.7545,4.1803,5.8193,4.3285,4.4187,40.9970,28.4650,39.5082,18.0774,22.7919,11.7130,30.5443,6.2501,6.1585,4.1432,31.8246,12.3996,25.1973,9.1736,29.0471,13.0933,22.7962
705.8200,8.8400,3.7403,3.5624,4.1581,5.8856,4.3490,4.5018,41.1846,28.5231,39.5050,18.3380,22.7688,11.5733,30.4020,6.2180,5.7520,4.1782,31.8792,12.2224,25.1655,9.1104,29.0434,13.1570,22.8656
705.7800,8.8100,3.5383,3.4620,4.1360,5.9672,4.3495,4.5905,41.3641,28.5801,39.4935,18.6056,22.7283,11.4199,30.2619,6.1813,5.3882,4.2076,31.9408,12.0332,25.1219,9.0526,29.0583,13.2226,22.9320
705.7400,8.7900,3.4749,3.4933,3.7366,6.0217,4.3975,4.6818,41.5337,28.6367,39.4739,18.8812,22.6783,11.2234,30.0866,6.1381,5.0865,4.2362,32.0519,11.8339,25.0654,8.9855,29.0761,13.3023,23.0081
705.7000,8.7700,3.3697,3.5402,3.3776,6.0746,4.4140,4.7733,41.7009,28.6951,39.4528,19.1615,22.6089,11.0176,29.9209,6.1658,4.8495,4.2688,32.1620,11.6502,25.0156,8.9102,29.0799,13.3887,23.0623
705.6600,8.7400,3.2251,3.6011,3.0462,6.1245,4.4178,4.8644,41.8741,28.7549,39.4330,19.4200,22.4877,10.8536,29.7944,6.2260,4.6316,4.3030,32.2147,11.4856,24.9707,8.8254,29.0645,13.4794,23.0994
705.6200,8.7200,3.0471,3.6762,2.6517,6.1502,4.4183,4.9607,42.0491,28.8106,39.4142,19.6808,22.3657,10.6943,29.6698,6.2576,4.4550,4.3371,32.2603,11.3480,24.9503,8.7341,29.0364,13.5719,23.1247
705.5800,8.7000,2.8421,3.7656,2.1035,6.1263,4.5372,5.0594,42.2180,28.8642,39.3984,19.9844,22.2958,10.5357,29.5532,6.2271,4.4146,4.3600,32.3072,11.2014,24.9170,8.6365,28.9904,13.6642,23.1340
705.5400,8.6700,2.5550,3.8996,1.0049,6.0795,4.6804,5.1555,42.3787,28.9106,39.3808,20.2905,22.2251,10.4072,29.4280,6.2224,4.3840,4.3778,32.3372,11.0684,24.9050,8.5396,28.9227,13.7664,23.1477
705.5000,8.6500,2.4457,3.8504,0.8434,6.0214,4.8083,5.2508,42.5374,28.9504,39.3640,20.5943,22.1466,10.2610,29.3258,6.2222,4.4036,4.3824,32.3626,10.9633,24.8902,8.4429,28.8507,13.8709,23.1581
705.4600,8.6300,2.3821,3.8687,1.1659,5.9412,5.0014,5.3506,42.6937,28.9839,39.3489,20.9150,22.0484,10.1053,29.2493,6.2119,4.4052,4.3873,32.3898,10.8815,24.8900,8.3462,28.7754,13.9704,23.1681
705.4200,8.6100,2.3287,3.9212,1.9065,5.8407,5.2040,5.4475,42.8465,29.0090,39.3325,21.2419,21.9325,9.9727,29.2439,6.2412,4.5011,4.3951,32.3990,10.8313,24.9178,8.2446,28.6881,14.0655,23.1743
705.3800,8.5800,2.2918,4.0041,2.7251,5.7684,5.3983,5.5463,42.9944,29.0300,39.3207,21.5734,21.8074,9.8510,29.1909,6.2468,4.6514,4.4001,32.4081,10.7975,24.9524,8.1391,28.5842,14.1459,23.1796
705.3400,8.5600,2.2781,4.1138,3.2815,5.7087,5.5892,5.6414,43.1416,29.0524,39.3100,21.9176,21.6902,9.7528,29.1454,6.2532,4.8667,4.4030,32.4266,10.7617,24.9849,8.0231,28.4655,14.1605,23.1158
705.3000,8.5400,2.2854,4.3960,3.5169,5.6277,5.8747,5.7337,43.2859,29.0700,39.2963,22.2455,21.6475,9.6710,29.1157,6.2496,5.0492,4.4063,32.4455,10.7522,25.0290,7.8971,28.3344,14.1983,23.0848
